id	candidate
01000	
01001	Trump
01003	Trump
01005	Trump
01007	Trump
01009	Trump
01011	Clinton
01013	Trump
01015	Trump
01017	Trump
01019	Trump
01021	Trump
01023	Trump
01025	Trump
01027	Trump
01029	Trump
01031	Trump
01033	Trump
01035	Trump
01037	Trump
01039	Trump
01041	Trump
01043	Trump
01045	Trump
01047	Clinton
01049	
01051	Trump
01053	Trump
01055	Trump
01057	Trump
01059	Trump
01061	Trump
01063	Clinton
01065	Clinton
01067	Trump
01069	Trump
01071	Trump
01073	Clinton
01075	Trump
01077	Trump
01079	Trump
01081	Trump
01083	Trump
01085	Clinton
01087	Clinton
01089	Trump
01091	Clinton
01093	Trump
01095	Trump
01097	Trump
01099	Trump
01101	Clinton
01103	Trump
01105	Clinton
01107	Trump
01109	Trump
01111	Trump
01113	Clinton
01115	Trump
01117	Trump
01119	Clinton
01121	Trump
01123	Trump
01125	Trump
01127	Trump
01129	Trump
01131	Clinton
01133	Trump
02000	
02013	
02016	
02020	
02050	
02060	
02068	
02070	
02090	
02100	
02110	Trump
02122	
02130	
02150	
02164	
02170	
02180	
02185	
02188	
02201	
02220	
02232	
02240	
02261	
02270	
02280	
02282	
02290	
04000	
04001	Clinton
04003	Trump
04005	Clinton
04007	Trump
04009	Trump
04011	Trump
04012	Trump
04013	Trump
04015	Trump
04017	Trump
04019	Clinton
04021	Trump
04023	Clinton
04025	Trump
04027	Trump
05000	Trump
05001	Trump
05003	Trump
05005	Trump
05007	Trump
05009	Trump
05011	Trump
05013	Trump
05015	Trump
05017	Clinton
05019	Trump
05021	Trump
05023	Trump
05025	Trump
05027	Trump
05029	Trump
05031	Trump
05033	Trump
05035	Clinton
05037	Trump
05039	Clinton
05041	Clinton
05043	Trump
05045	Trump
05047	Trump
05049	Trump
05051	Trump
05053	Trump
05055	Clinton
05057	Trump
05059	Trump
05061	Trump
05063	Trump
05065	Trump
05067	Trump
05069	Clinton
05071	Trump
05073	Trump
05075	Trump
05077	Trump
05079	Trump
05081	Trump
05083	Trump
05085	Trump
05087	Trump
05089	Trump
05091	Trump
05093	Trump
05095	Trump
05097	Clinton
05099	Trump
05101	Trump
05103	Trump
05105	Clinton
05107	Clinton
05109	Trump
05111	Trump
05113	Trump
05115	Trump
05117	Trump
05119	Clinton
05121	Trump
05123	Clinton
05125	Trump
05127	Trump
05129	Trump
05131	Trump
05133	Trump
05135	Trump
05137	Trump
05139	Trump
05141	Trump
05143	Trump
05145	Trump
05147	Trump
05149	Trump
06000	
06001	Clinton
06003	Clinton
06005	Trump
06007	Trump
06009	Trump
06011	Trump
06013	Clinton
06015	Trump
06017	Trump
06019	Clinton
06021	Trump
06023	Clinton
06025	Clinton
06027	Trump
06029	Trump
06031	Trump
06033	Clinton
06035	Trump
06037	Clinton
06039	Trump
06041	Clinton
06043	Trump
06045	Clinton
06047	Clinton
06049	Trump
06051	Clinton
06053	Clinton
06055	Clinton
06057	Trump
06059	Clinton
06061	Trump
06063	Trump
06065	Clinton
06067	Clinton
06069	Clinton
06071	Clinton
06073	Clinton
06075	Clinton
06077	Clinton
06079	Clinton
06081	Clinton
06083	Clinton
06085	Clinton
06087	Clinton
06089	Trump
06091	Trump
06093	Trump
06095	Clinton
06097	Clinton
06099	Trump
06101	Trump
06103	Trump
06105	Trump
06107	Trump
06109	Trump
06111	Clinton
06113	Clinton
06115	Trump
08000	Trump
08001	Clinton
08003	Clinton
08005	Clinton
08007	Trump
08009	Trump
08011	Trump
08013	Clinton
08015	Trump
08017	Trump
08019	Clinton
08021	Trump
08023	Clinton
08025	Trump
08027	Trump
08029	Trump
08031	Clinton
08033	Trump
08035	Trump
08037	Clinton
08039	Trump
08041	Trump
08043	Trump
08045	Trump
08047	Clinton
08049	Trump
08051	Clinton
08053	Trump
08055	Trump
08057	Trump
08059	Clinton
08061	Trump
08063	Trump
08065	Clinton
08067	Clinton
08069	Clinton
08071	Trump
08073	Trump
08075	Trump
08077	Trump
08079	Trump
08081	Trump
08083	Trump
08085	Trump
08087	Trump
08089	Trump
08091	Clinton
08093	Trump
08095	Clinton
08097	Clinton
08099	Trump
08101	Clinton
08103	Trump
08105	Trump
08107	Clinton
08109	Clinton
08111	Clinton
08113	Clinton
08115	Trump
08117	Clinton
08119	Trump
08121	Trump
08123	Trump
08125	Trump
09000	
09001	Clinton
09003	Clinton
09005	Trump
09007	Clinton
09009	Clinton
09011	Clinton
09013	Clinton
09015	Trump
10000	Trump
10001	Trump
10003	Clinton
10005	Trump
11000	
11001	
12000	
12001	Clinton
12003	Trump
12005	Trump
12007	Trump
12009	Trump
12011	Clinton
12013	Trump
12015	Trump
12017	Trump
12019	Trump
12021	Trump
12023	Trump
12025	Trump
12027	Trump
12029	Trump
12031	Trump
12033	Trump
12035	Trump
12037	Trump
12039	Clinton
12041	Trump
12043	Trump
12045	Trump
12047	Trump
12049	Trump
12051	Trump
12053	Trump
12055	Trump
12057	Clinton
12059	Trump
12061	Trump
12063	Trump
12065	Clinton
12067	Trump
12069	Clinton
12071	Trump
12073	Clinton
12075	Trump
12077	Trump
12079	Trump
12081	Trump
12083	Trump
12085	Trump
12087	Trump
12089	Trump
12091	Trump
12093	Trump
12095	Clinton
12097	Clinton
12099	Clinton
12101	Trump
12103	Trump
12105	Trump
12107	Trump
12109	Trump
12111	Trump
12113	Trump
12115	Trump
12117	Trump
12119	Clinton
12121	Trump
12123	Trump
12125	Trump
12127	Trump
12129	Trump
12131	Trump
12133	Trump
13000	
13001	Trump
13003	Trump
13005	Trump
13007	Trump
13009	Trump
13011	Trump
13013	Trump
13015	Trump
13017	Trump
13019	Trump
13021	Trump
13023	Trump
13025	Trump
13027	Trump
13029	Trump
13031	Trump
13033	Clinton
13035	Trump
13037	Trump
13039	Trump
13043	Trump
13045	Trump
13047	Trump
13049	Trump
13051	Clinton
13053	Trump
13055	Trump
13057	Trump
13059	Trump
13061	Trump
13063	Clinton
13065	Trump
13067	Clinton
13069	Trump
13071	Trump
13073	Trump
13075	Trump
13077	Trump
13079	Trump
13081	Trump
13083	Trump
13085	Trump
13087	Trump
13089	
13091	Trump
13093	Trump
13095	Clinton
13097	Trump
13099	Trump
13101	Trump
13103	Trump
13105	Trump
13107	Trump
13109	Trump
13111	Trump
13113	Trump
13115	Trump
13117	Trump
13119	Trump
13121	Trump
13123	Trump
13125	Trump
13127	Trump
13129	Trump
13131	Trump
13133	Clinton
13135	Clinton
13137	Trump
13139	Trump
13141	Clinton
13143	Trump
13145	Trump
13147	Trump
13149	Trump
13151	Trump
13153	Trump
13155	Trump
13157	Trump
13159	Trump
13161	Trump
13163	Clinton
13165	Trump
13167	Trump
13169	Trump
13171	Trump
13173	Trump
13175	Trump
13177	Trump
13179	Trump
13181	Trump
13183	Trump
13185	Clinton
13187	Trump
13189	Trump
13191	Trump
13193	Clinton
13195	Trump
13197	Trump
13199	Trump
13201	Trump
13205	Trump
13207	Trump
13209	Clinton
13211	Trump
13213	Trump
13215	Clinton
13217	Trump
13219	Trump
13221	Trump
13223	Trump
13225	Trump
13227	Trump
13229	Trump
13231	Trump
13233	Trump
13235	Clinton
13237	Trump
13239	Trump
13241	Trump
13243	Trump
13245	Clinton
13247	Clinton
13249	Trump
13251	Trump
13253	Trump
13255	Trump
13257	Trump
13259	Clinton
13261	Clinton
13263	Clinton
13265	Clinton
13267	Trump
13269	Trump
13271	Trump
13273	Clinton
13275	Trump
13277	Trump
13279	Trump
13281	Trump
13283	Trump
13285	Trump
13287	Trump
13289	Trump
13291	Trump
13293	Trump
13295	Trump
13297	Trump
13299	Trump
13301	Clinton
13303	Trump
13305	Trump
13307	Trump
13309	Trump
13311	Trump
13313	Trump
13315	Clinton
13317	Trump
13319	Trump
13321	Trump
15000	Clinton
15001	Clinton
15003	Clinton
15005	Clinton
15007	Clinton
15009	Clinton
16000	Trump
16001	Trump
16003	Clinton
16005	Trump
16007	Trump
16009	Trump
16011	Trump
16013	Clinton
16015	Trump
16017	Trump
16019	Trump
16021	Trump
16023	Trump
16025	Trump
16027	Trump
16029	Trump
16031	Trump
16033	Trump
16035	Trump
16037	Trump
16039	Trump
16041	Trump
16043	Trump
16045	Trump
16047	Trump
16049	Trump
16051	Clinton
16053	Trump
16055	Trump
16057	Clinton
16059	Trump
16061	Trump
16063	Trump
16065	Trump
16067	Trump
16069	Trump
16071	Trump
16073	Trump
16075	Trump
16077	Trump
16079	Trump
16081	Trump
16083	Trump
16085	Trump
16087	Trump
17000	
17001	Clinton
17003	Trump
17005	Trump
17007	Trump
17009	Trump
17011	Trump
17013	Trump
17015	Trump
17017	Trump
17019	Clinton
17021	Trump
17023	Trump
17025	Trump
17027	Trump
17029	Trump
17031	Trump
17033	Trump
17035	Trump
17037	Trump
17039	Trump
17041	Trump
17043	Clinton
17045	Trump
17047	Trump
17049	Trump
17051	Trump
17053	Trump
17055	Trump
17057	Trump
17059	Trump
17061	Clinton
17063	Trump
17065	Trump
17067	Clinton
17069	Trump
17071	Trump
17073	Trump
17075	Trump
17077	Trump
17079	Trump
17081	Clinton
17083	Trump
17085	Trump
17087	Trump
17089	Clinton
17091	Trump
17093	Trump
17095	Trump
17097	Clinton
17099	Trump
17101	Trump
17103	Trump
17105	Trump
17107	Trump
17109	Trump
17111	Trump
17113	Trump
17115	Clinton
17117	Trump
17119	Trump
17121	Trump
17123	Trump
17125	Trump
17127	Trump
17129	Trump
17131	Trump
17133	Trump
17135	Clinton
17137	Trump
17139	Trump
17141	Trump
17143	Clinton
17145	Clinton
17147	Trump
17149	Trump
17151	Trump
17153	Clinton
17155	Trump
17157	Trump
17159	Trump
17161	Clinton
17163	Trump
17165	Trump
17167	Trump
17169	Trump
17171	Trump
17173	Trump
17175	Trump
17177	Trump
17179	Trump
17181	Trump
17183	Trump
17185	Trump
17187	Clinton
17189	Trump
17191	Trump
17193	Trump
17195	Trump
17197	Clinton
17199	Trump
17201	Trump
17203	Trump
18000	Trump
18001	Clinton
18003	Trump
18005	Trump
18007	Trump
18009	Trump
18011	Trump
18013	Trump
18015	Trump
18017	Trump
18019	Trump
18021	Trump
18023	Trump
18025	Trump
18027	Trump
18029	Trump
18031	Trump
18033	
18035	Trump
18037	Trump
18039	Trump
18041	Trump
18043	Trump
18045	Trump
18047	Trump
18049	Trump
18051	Trump
18053	Trump
18055	Clinton
18057	Trump
18059	Clinton
18061	Trump
18063	Trump
18065	Trump
18067	Trump
18069	Trump
18071	Trump
18073	Trump
18075	Trump
18077	Clinton
18079	Trump
18081	Trump
18083	Trump
18085	Trump
18087	Trump
18089	Clinton
18091	
18093	Trump
18095	Trump
18097	Trump
18099	Trump
18101	Trump
18103	Trump
18105	Trump
18107	Clinton
18109	Trump
18111	Trump
18113	Trump
18115	Trump
18117	Clinton
18119	Trump
18121	Trump
18123	Clinton
18125	Trump
18127	Trump
18129	Trump
18131	Clinton
18133	Trump
18135	Trump
18137	Trump
18139	Trump
18141	Clinton
18143	Trump
18145	Trump
18147	Trump
18149	Trump
18151	Trump
18153	Trump
18155	Trump
18157	Trump
18159	Trump
18161	Trump
18163	Trump
18165	Trump
18167	Trump
18169	Trump
18171	Clinton
18173	Trump
18175	Trump
18177	Trump
18179	Trump
18181	Trump
18183	Trump
19000	Trump
19001	Trump
19003	Clinton
19005	Trump
19007	Trump
19009	Trump
19011	Trump
19013	Clinton
19015	Trump
19017	Trump
19019	Trump
19021	Trump
19023	Trump
19025	Trump
19027	Trump
19029	Trump
19031	Trump
19033	Trump
19035	Trump
19037	Trump
19039	Trump
19041	Trump
19043	Clinton
19045	Trump
19047	Trump
19049	Clinton
19051	Trump
19053	Trump
19055	Trump
19057	Trump
19059	Trump
19061	Trump
19063	Trump
19065	Trump
19067	Trump
19069	Trump
19071	Trump
19073	Clinton
19075	Trump
19077	Trump
19079	Trump
19081	Clinton
19083	Trump
19085	Trump
19087	Trump
19089	Trump
19091	Clinton
19093	Trump
19095	Trump
19097	Trump
19099	Trump
19101	Clinton
19103	Trump
19105	Trump
19107	Trump
19109	Trump
19111	Trump
19113	Clinton
19115	Trump
19117	Trump
19119	Trump
19121	Trump
19123	Trump
19125	Trump
19127	Trump
19129	Trump
19131	Trump
19133	Trump
19135	Trump
19137	Clinton
19139	Trump
19141	Trump
19143	Clinton
19145	Trump
19147	Trump
19149	Trump
19151	Trump
19153	Trump
19155	Trump
19157	Trump
19159	Trump
19161	Trump
19163	Trump
19165	Trump
19167	Trump
19169	Clinton
19171	Trump
19173	Trump
19175	Trump
19177	Trump
19179	Trump
19181	Clinton
19183	Trump
19185	Trump
19187	Trump
19189	Trump
19191	Trump
19193	Trump
19195	Trump
19197	Trump
20000	
20001	Trump
20003	Trump
20005	Trump
20007	Trump
20009	Trump
20011	Trump
20013	Trump
20015	Trump
20017	Trump
20019	Trump
20021	Trump
20023	Trump
20025	Trump
20027	Trump
20029	Trump
20031	Trump
20033	Trump
20035	Trump
20037	Trump
20039	Trump
20041	Trump
20043	Trump
20045	Trump
20047	Trump
20049	Trump
20051	Trump
20053	Trump
20055	Trump
20057	Trump
20059	Trump
20061	Clinton
20063	Trump
20065	Trump
20067	Trump
20069	Trump
20071	Trump
20073	Trump
20075	Trump
20077	Trump
20079	Trump
20081	Trump
20083	Trump
20085	Trump
20087	Clinton
20089	Trump
20091	Trump
20093	Trump
20095	Trump
20097	Trump
20099	Trump
20101	Trump
20103	Trump
20105	Trump
20107	Clinton
20109	Trump
20111	Trump
20113	Trump
20115	Trump
20117	Trump
20119	Trump
20121	Trump
20123	Trump
20125	Clinton
20127	Trump
20129	Trump
20131	Trump
20133	Trump
20135	Trump
20137	Trump
20139	Trump
20141	Trump
20143	Trump
20145	Trump
20147	Clinton
20149	Trump
20151	Trump
20153	Trump
20155	Trump
20157	Trump
20159	Trump
20161	Trump
20163	Trump
20165	Trump
20167	Clinton
20169	Trump
20171	Trump
20173	Trump
20175	Trump
20177	Trump
20179	Trump
20181	Trump
20183	Trump
20185	Trump
20187	Trump
20189	Trump
20191	Trump
20193	Trump
20195	Trump
20197	Trump
20199	Trump
20201	Trump
20203	Trump
20205	Trump
20207	Trump
20209	Clinton
21000	
21001	Trump
21003	Trump
21005	Trump
21007	Trump
21009	Trump
21011	Trump
21013	Trump
21015	Trump
21017	Trump
21019	Trump
21021	Trump
21023	Trump
21025	Trump
21027	Trump
21029	Trump
21031	Trump
21033	Trump
21035	Trump
21037	Trump
21039	Trump
21041	Trump
21043	Trump
21045	Trump
21047	Trump
21049	Trump
21051	Trump
21053	Trump
21055	Clinton
21057	Trump
21059	Trump
21061	Trump
21063	Trump
21065	Trump
21067	Trump
21069	Trump
21071	Trump
21073	Trump
21075	Trump
21077	Trump
21079	Trump
21081	Trump
21083	Trump
21085	Trump
21087	Trump
21089	Trump
21091	Clinton
21093	Trump
21095	Trump
21097	Trump
21099	Trump
21101	Trump
21103	Trump
21105	Trump
21107	Trump
21109	Trump
21111	Clinton
21113	Trump
21115	Trump
21117	Trump
21119	Trump
21121	Trump
21123	Trump
21125	Trump
21127	Trump
21129	Trump
21131	Trump
21133	Trump
21135	Trump
21137	Trump
21139	Trump
21141	Trump
21143	Trump
21145	Trump
21147	Trump
21149	Trump
21151	Trump
21153	Trump
21155	Trump
21157	Trump
21159	Trump
21161	Trump
21163	Trump
21165	Trump
21167	Trump
21169	Trump
21171	Trump
21173	Clinton
21175	Trump
21177	Trump
21179	Trump
21181	Trump
21183	Trump
21185	Trump
21187	Trump
21189	Trump
21191	Trump
21193	Clinton
21195	Trump
21197	Trump
21199	Clinton
21201	Trump
21203	Trump
21205	Trump
21207	Clinton
21209	Trump
21211	Trump
21213	Trump
21215	Trump
21217	Trump
21219	Trump
21221	Trump
21223	Trump
21225	Trump
21227	Clinton
21229	Trump
21231	Trump
21233	Trump
21235	Trump
21237	Trump
21239	Trump
22000	
22001	Trump
22003	Trump
22005	Trump
22007	Trump
22009	Trump
22011	Trump
22013	Trump
22015	Trump
22017	Clinton
22019	Trump
22021	Trump
22023	Trump
22025	Trump
22027	Trump
22029	Trump
22031	Trump
22033	Clinton
22035	Clinton
22037	Trump
22039	Trump
22041	Trump
22043	Trump
22045	Trump
22047	Clinton
22049	Trump
22051	Clinton
22053	Trump
22055	Trump
22057	Trump
22059	Trump
22061	Trump
22063	Trump
22065	Trump
22067	Trump
22069	Trump
22071	Clinton
22073	Trump
22075	Trump
22077	Trump
22079	Trump
22081	Trump
22083	Trump
22085	Trump
22087	Trump
22089	Trump
22091	Clinton
22093	Clinton
22095	Clinton
22097	Trump
22099	Trump
22101	Trump
22103	Trump
22105	Trump
22107	Clinton
22109	Trump
22111	Trump
22113	Trump
22115	Trump
22117	Trump
22119	Trump
22121	Trump
22123	Trump
22125	Trump
22127	Trump
23000	
23001	Trump
23003	Clinton
23005	Trump
23007	Trump
23009	Clinton
23011	Trump
23013	Trump
23015	Trump
23017	Trump
23019	Clinton
23021	Clinton
23023	Clinton
23025	Trump
23027	Clinton
23029	Trump
23031	Clinton
24000	
24001	Trump
24003	Clinton
24005	
24009	Trump
24011	Trump
24013	Trump
24015	Trump
24017	Clinton
24019	Trump
24021	Trump
24023	Trump
24025	Trump
24027	Trump
24029	Trump
24031	Clinton
24033	Clinton
24035	Trump
24037	Trump
24039	Trump
24041	Clinton
24043	Trump
24045	Trump
24047	Clinton
24510	Clinton
25000	
25001	Clinton
25003	Clinton
25005	Clinton
25007	Clinton
25009	Clinton
25011	Trump
25013	Clinton
25015	Clinton
25017	Clinton
25019	Clinton
25021	Clinton
25023	Trump
25025	Clinton
25027	Clinton
26000	
26001	Trump
26003	Trump
26005	Trump
26007	Trump
26009	Trump
26011	Trump
26013	Trump
26015	Trump
26017	Trump
26019	Trump
26021	Trump
26023	Trump
26025	Trump
26027	Trump
26029	Trump
26031	Trump
26033	Trump
26035	Trump
26037	Trump
26039	Trump
26041	Trump
26043	Trump
26045	Trump
26047	Trump
26049	Clinton
26051	Trump
26053	Trump
26055	Trump
26057	Trump
26059	Trump
26061	Trump
26063	Trump
26065	Clinton
26067	Trump
26069	Trump
26071	Trump
26073	Trump
26075	Trump
26077	Clinton
26079	Trump
26081	Trump
26083	Trump
26085	Clinton
26087	Trump
26089	Trump
26091	Trump
26093	Trump
26095	Trump
26097	Trump
26099	Trump
26101	Trump
26103	Clinton
26105	Trump
26107	Trump
26109	Trump
26111	Trump
26113	Trump
26115	Trump
26117	Trump
26119	Trump
26121	Clinton
26123	Trump
26125	Clinton
26127	Trump
26129	Trump
26131	Trump
26133	Clinton
26135	Trump
26137	Trump
26139	Trump
26141	Trump
26143	Trump
26145	Trump
26147	Trump
26149	Clinton
26151	Trump
26153	Trump
26155	Trump
26157	Trump
26159	Trump
26161	Clinton
26163	Trump
26165	Trump
27000	
27001	Trump
27003	Trump
27005	Trump
27007	Trump
27009	Trump
27011	Trump
27013	Trump
27015	Trump
27017	Clinton
27019	Trump
27021	Trump
27023	Trump
27025	Trump
27027	Trump
27029	Trump
27031	Trump
27033	Trump
27035	Trump
27037	Clinton
27039	Trump
27041	Trump
27043	Trump
27045	Trump
27047	Trump
27049	Trump
27051	Trump
27053	Clinton
27055	Trump
27057	Trump
27059	Trump
27061	Trump
27063	Trump
27065	Trump
27067	Trump
27069	Trump
27071	Trump
27073	Trump
27075	Clinton
27077	Trump
27079	Trump
27081	Trump
27083	Trump
27085	Trump
27087	Trump
27089	Trump
27091	Trump
27093	Trump
27095	Trump
27097	Trump
27099	Trump
27101	Trump
27103	Trump
27105	Trump
27107	Trump
27109	Clinton
27111	Trump
27113	Trump
27115	Trump
27117	Trump
27119	Trump
27121	Trump
27123	Clinton
27125	Trump
27127	Trump
27129	Trump
27131	Trump
27133	Trump
27135	Trump
27137	Clinton
27139	Trump
27141	Trump
27143	Trump
27145	Trump
27147	Trump
27149	Trump
27151	Trump
27153	Trump
27155	Trump
27157	Trump
27159	Trump
27161	Trump
27163	Trump
27165	Trump
27167	Trump
27169	Trump
27171	Trump
27173	Trump
28000	Trump
28001	Clinton
28003	Trump
28005	Trump
28007	Trump
28009	Trump
28011	Clinton
28013	Trump
28015	Trump
28017	Trump
28019	Trump
28021	Trump
28023	Trump
28025	Trump
28027	Clinton
28029	Clinton
28031	Trump
28033	Trump
28035	Trump
28037	Trump
28039	Trump
28041	Clinton
28043	Trump
28045	Clinton
28047	Trump
28049	Clinton
28051	Trump
28053	Clinton
28055	Clinton
28057	Trump
28059	Trump
28061	Trump
28063	Clinton
28065	Trump
28067	Trump
28069	Clinton
28071	Trump
28073	Trump
28075	Trump
28077	Trump
28079	Trump
28081	Trump
28083	Clinton
28085	Trump
28087	Clinton
28089	Trump
28091	Trump
28093	Trump
28095	Trump
28097	Clinton
28099	Trump
28101	Trump
28103	Clinton
28105	Clinton
28107	Trump
28109	Trump
28111	Clinton
28113	Trump
28115	Trump
28117	Trump
28119	Trump
28121	Trump
28123	Trump
28125	Clinton
28127	Trump
28129	Trump
28131	Trump
28133	Clinton
28135	Clinton
28137	Trump
28139	Trump
28141	Trump
28143	Clinton
28145	Trump
28147	Trump
28149	Clinton
28151	Trump
28153	Trump
28155	Trump
28157	Trump
28159	Trump
28161	Trump
28163	Clinton
29000	
29001	Trump
29003	Trump
29005	Trump
29007	Trump
29009	Trump
29011	Trump
29013	Trump
29015	Trump
29017	Trump
29019	Trump
29021	Trump
29023	Trump
29025	Trump
29027	Trump
29029	Trump
29031	Trump
29033	Trump
29035	Trump
29037	Trump
29039	Trump
29041	Trump
29043	Trump
29045	Trump
29047	Trump
29049	Trump
29051	Trump
29053	Trump
29055	Trump
29057	Trump
29059	Clinton
29061	Trump
29063	
29065	Trump
29067	Trump
29069	Trump
29071	Trump
29073	Trump
29075	Trump
29077	Clinton
29079	Trump
29081	Trump
29083	Trump
29085	Trump
29087	Trump
29089	Trump
29091	Trump
29093	Trump
29095	Trump
29097	Trump
29099	Clinton
29101	Trump
29103	Trump
29105	Trump
29107	Trump
29109	Trump
29111	Trump
29113	Trump
29115	Clinton
29117	Trump
29119	Trump
29121	Clinton
29123	Trump
29125	Trump
29127	Trump
29129	Trump
29131	Trump
29133	Trump
29135	Trump
29137	Trump
29139	Clinton
29141	Trump
29143	Trump
29145	Trump
29147	Trump
29149	Trump
29151	Trump
29153	Trump
29155	Trump
29157	Clinton
29159	Trump
29161	Trump
29163	Trump
29165	Trump
29167	Trump
29169	Clinton
29171	Trump
29173	Trump
29175	Trump
29177	Trump
29179	Trump
29181	Trump
29183	Trump
29185	Trump
29186	
29187	Trump
29189	Clinton
29195	Trump
29197	Trump
29199	Trump
29201	Trump
29203	Trump
29205	Trump
29207	Trump
29209	Trump
29211	Trump
29213	Trump
29215	Trump
29217	Trump
29219	Clinton
29221	Trump
29223	Trump
29225	Trump
29227	Trump
29229	Trump
29510	
30000	
30001	Trump
30003	Clinton
30005	Clinton
30007	Trump
30009	Trump
30011	Trump
30013	Trump
30015	Trump
30017	Trump
30019	Trump
30021	Trump
30023	Clinton
30025	Trump
30027	Trump
30029	Trump
30031	Trump
30033	Trump
30035	Clinton
30037	Trump
30039	Trump
30041	Trump
30043	Clinton
30045	Trump
30047	Clinton
30049	Trump
30051	Trump
30053	Trump
30055	Trump
30057	Trump
30059	Trump
30061	Trump
30063	Clinton
30065	Trump
30067	Trump
30069	Trump
30071	Clinton
30073	Trump
30075	Trump
30077	Trump
30079	Trump
30081	Trump
30083	Trump
30085	Trump
30087	Trump
30089	Trump
30091	Trump
30093	Clinton
30095	Trump
30097	Trump
30099	Trump
30101	Trump
30103	Trump
30105	Trump
30107	Trump
30109	Trump
30111	Trump
30113	
31000	
31001	Clinton
31003	Trump
31005	Trump
31007	Trump
31009	Clinton
31011	Trump
31013	Trump
31015	Trump
31017	Trump
31019	Trump
31021	Trump
31023	Trump
31025	Trump
31027	Trump
31029	Trump
31031	Trump
31033	Trump
31035	Trump
31037	Trump
31039	Trump
31041	Trump
31043	Clinton
31045	Trump
31047	Trump
31049	Trump
31051	Trump
31053	Trump
31055	Trump
31057	Trump
31059	Trump
31061	Trump
31063	Trump
31065	Trump
31067	Trump
31069	Trump
31071	Trump
31073	Trump
31075	Trump
31077	Trump
31079	Trump
31081	Trump
31083	Trump
31085	Trump
31087	Trump
31089	Trump
31091	Trump
31093	Trump
31095	Clinton
31097	Trump
31099	Trump
31101	Trump
31103	Trump
31105	Trump
31107	Trump
31109	Clinton
31111	Trump
31113	Trump
31115	Trump
31117	Trump
31119	Trump
31121	Trump
31123	Trump
31125	Trump
31127	Trump
31129	Trump
31131	Trump
31133	Trump
31135	Trump
31137	Trump
31139	Trump
31141	Trump
31143	Trump
31145	Trump
31147	Trump
31149	Trump
31151	Trump
31153	Trump
31155	Trump
31157	Trump
31159	Trump
31161	Trump
31163	Trump
31165	Trump
31167	Trump
31169	Trump
31171	Trump
31173	Trump
31175	Trump
31177	Trump
31179	Trump
31181	Trump
31183	Trump
31185	Clinton
32000	Trump
32001	Trump
32003	Trump
32005	Trump
32007	Trump
32009	Trump
32011	Trump
32013	Clinton
32015	Trump
32017	Trump
32019	Trump
32021	Trump
32023	Trump
32027	Trump
32029	Trump
32031	Clinton
32033	Trump
32510	Trump
33000	
33001	Trump
33003	Trump
33005	Clinton
33007	Trump
33009	Clinton
33011	Clinton
33013	Clinton
33015	Trump
33017	Clinton
33019	Trump
34000	
34001	Clinton
34003	Clinton
34005	Clinton
34007	Trump
34009	Trump
34011	Trump
34013	Clinton
34015	Trump
34017	Clinton
34019	Trump
34021	Trump
34023	Clinton
34025	Trump
34027	Trump
34029	Trump
34031	Clinton
34033	Trump
34035	Trump
34037	Trump
34039	Trump
34041	Clinton
35000	
35001	Clinton
35003	Trump
35005	Trump
35006	Clinton
35007	Trump
35009	Trump
35011	Trump
35013	Clinton
35015	Trump
35017	Trump
35019	Clinton
35021	Trump
35023	Trump
35025	Trump
35027	Trump
35028	Clinton
35029	Trump
35031	Clinton
35033	Clinton
35035	Trump
35037	Trump
35039	Clinton
35041	Trump
35043	Clinton
35045	Clinton
35047	Clinton
35049	Clinton
35051	Trump
35053	Clinton
35055	Clinton
35057	Trump
35059	Trump
35061	Trump
36000	Clinton
36001	Clinton
36003	Trump
36005	Clinton
36007	Trump
36009	Trump
36011	Trump
36013	Trump
36015	Trump
36017	Trump
36019	Trump
36021	Trump
36023	Trump
36025	Trump
36027	Trump
36029	Clinton
36031	Clinton
36033	Trump
36035	Trump
36037	Clinton
36039	Clinton
36041	Trump
36043	Trump
36045	Clinton
36047	Trump
36049	Trump
36051	Trump
36053	Trump
36055	Trump
36057	Clinton
36059	Trump
36061	Clinton
36063	Trump
36065	Trump
36067	Clinton
36069	Clinton
36071	Clinton
36073	Clinton
36075	Trump
36077	Trump
36079	Trump
36081	Clinton
36083	Trump
36085	Clinton
36087	Clinton
36089	Trump
36091	Trump
36093	Clinton
36095	Trump
36097	Trump
36099	Trump
36101	Trump
36103	Clinton
36105	Trump
36107	Trump
36109	Clinton
36111	Clinton
36113	Clinton
36115	Trump
36117	Trump
36119	Clinton
36121	Trump
36123	Trump
37000	
37001	Trump
37003	Trump
37005	Trump
37007	Clinton
37009	Trump
37011	Trump
37013	Trump
37015	Clinton
37017	Trump
37019	Trump
37021	Clinton
37023	Clinton
37025	Trump
37027	Trump
37029	Trump
37031	Trump
37033	Trump
37035	Trump
37037	Clinton
37039	Trump
37041	Trump
37043	Trump
37045	Trump
37047	Trump
37049	Trump
37051	Trump
37053	Trump
37055	Trump
37057	Trump
37059	Trump
37061	Trump
37063	Clinton
37065	Clinton
37067	Trump
37069	Trump
37071	Trump
37073	Trump
37075	Trump
37077	Trump
37079	Clinton
37081	Clinton
37083	Clinton
37085	Trump
37087	Trump
37089	Trump
37091	Clinton
37093	Clinton
37095	Trump
37097	Trump
37099	Trump
37101	Trump
37103	Trump
37105	Trump
37107	Trump
37109	Trump
37111	Trump
37113	Clinton
37115	Trump
37117	Trump
37119	Clinton
37121	Trump
37123	Clinton
37125	Trump
37127	Trump
37129	Trump
37131	Clinton
37133	Trump
37135	Clinton
37137	Trump
37139	Clinton
37141	Trump
37143	Trump
37145	Trump
37147	Clinton
37149	Trump
37151	Trump
37153	Clinton
37155	Trump
37157	Trump
37159	Trump
37161	Trump
37163	Trump
37165	Trump
37167	Trump
37169	Trump
37171	Trump
37173	Trump
37175	Trump
37177	Trump
37179	Trump
37181	Clinton
37183	Clinton
37185	Clinton
37187	Trump
37189	Clinton
37191	Trump
37193	Trump
37195	Trump
37197	Trump
37199	Trump
38000	
38001	Clinton
38003	Trump
38005	Trump
38007	Trump
38009	Trump
38011	Trump
38013	Clinton
38015	Trump
38017	Trump
38019	Trump
38021	Trump
38023	Trump
38025	Trump
38027	Trump
38029	Trump
38031	Trump
38033	Trump
38035	Trump
38037	Trump
38039	Trump
38041	Trump
38043	Trump
38045	
38047	Trump
38049	Trump
38051	Trump
38053	Trump
38055	Trump
38057	Trump
38059	Trump
38061	Trump
38063	Trump
38065	Trump
38067	Trump
38069	Trump
38071	Clinton
38073	Trump
38075	Trump
38077	Trump
38079	Clinton
38081	Trump
38083	Trump
38085	Trump
38087	Trump
38089	Trump
38091	Trump
38093	Trump
38095	Trump
38097	Trump
38099	Trump
38101	Trump
38103	Trump
38105	Trump
39000	Trump
39001	Clinton
39003	Trump
39005	Trump
39007	Trump
39009	Clinton
39011	Trump
39013	Trump
39015	Trump
39017	Trump
39019	Trump
39021	Clinton
39023	Trump
39025	Trump
39027	Trump
39029	Trump
39031	Trump
39033	Trump
39035	Clinton
39037	Trump
39039	Trump
39041	Trump
39043	Clinton
39045	Clinton
39047	Trump
39049	Trump
39051	Trump
39053	Trump
39055	Trump
39057	Clinton
39059	Trump
39061	Trump
39063	Clinton
39065	Trump
39067	Trump
39069	Trump
39071	Trump
39073	Trump
39075	Trump
39077	Trump
39079	Trump
39081	Clinton
39083	Trump
39085	Clinton
39087	Trump
39089	Trump
39091	Trump
39093	Trump
39095	Trump
39097	Trump
39099	Clinton
39101	Trump
39103	Trump
39105	Trump
39107	Trump
39109	Trump
39111	Trump
39113	Clinton
39115	Trump
39117	Trump
39119	Trump
39121	Trump
39123	Trump
39125	Trump
39127	Clinton
39129	Trump
39131	Trump
39133	Trump
39135	Trump
39137	Trump
39139	Trump
39141	Trump
39143	Trump
39145	Trump
39147	Trump
39149	Trump
39151	Trump
39153	Clinton
39155	Trump
39157	Trump
39159	Trump
39161	Trump
39163	Trump
39165	Clinton
39167	Trump
39169	Trump
39171	Trump
39173	Trump
39175	Trump
40000	Trump
40001	Trump
40003	Trump
40005	Trump
40007	Trump
40009	Trump
40011	Clinton
40013	Trump
40015	Clinton
40017	Trump
40019	Trump
40021	Trump
40023	Trump
40025	Trump
40027	Trump
40029	Trump
40031	Trump
40033	Trump
40035	Trump
40037	Trump
40039	Trump
40041	Trump
40043	Trump
40045	Trump
40047	Trump
40049	Trump
40051	Trump
40053	Trump
40055	Trump
40057	Trump
40059	Trump
40061	Trump
40063	Trump
40065	Trump
40067	Clinton
40069	Trump
40071	Trump
40073	Trump
40075	Trump
40077	Trump
40079	Trump
40081	Trump
40083	Trump
40085	Trump
40087	Trump
40089	Trump
40091	Trump
40093	Trump
40095	Trump
40097	Trump
40099	Trump
40101	Trump
40103	Trump
40105	Trump
40107	Trump
40109	Trump
40111	Trump
40113	Trump
40115	Trump
40117	Trump
40119	Trump
40121	Trump
40123	Trump
40125	Trump
40127	Trump
40129	Trump
40131	Trump
40133	Trump
40135	Trump
40137	Trump
40139	Trump
40141	Trump
40143	Trump
40145	Trump
40147	Trump
40149	Trump
40151	Trump
40153	Trump
41000	Trump
41001	Trump
41003	Trump
41005	Clinton
41007	Clinton
41009	Trump
41011	Trump
41013	Trump
41015	Trump
41017	Trump
41019	Trump
41021	Trump
41023	Trump
41025	Trump
41027	Clinton
41029	Trump
41031	Clinton
41033	Trump
41035	Trump
41037	Clinton
41039	Trump
41041	Trump
41043	Clinton
41045	Trump
41047	Trump
41049	Trump
41051	Clinton
41053	Trump
41055	Trump
41057	Trump
41059	Trump
41061	Trump
41063	Trump
41065	Trump
41067	Trump
41069	Trump
41071	Trump
42000	
42001	Clinton
42003	Clinton
42005	Trump
42007	Trump
42009	Trump
42011	Trump
42013	Trump
42015	Trump
42017	Clinton
42019	Trump
42021	Trump
42023	Trump
42025	Trump
42027	Clinton
42029	Clinton
42031	Trump
42033	Trump
42035	Trump
42037	Trump
42039	Trump
42041	Trump
42043	Clinton
42045	Trump
42047	Trump
42049	Clinton
42051	Trump
42053	Trump
42055	Trump
42057	Trump
42059	Clinton
42061	Trump
42063	Trump
42065	Clinton
42067	Trump
42069	Clinton
42071	Clinton
42073	Trump
42075	Trump
42077	Clinton
42079	Trump
42081	Trump
42083	Trump
42085	Trump
42087	Trump
42089	Trump
42091	Clinton
42093	Trump
42095	Clinton
42097	Trump
42099	Clinton
42101	Clinton
42103	Trump
42105	Trump
42107	Trump
42109	Trump
42111	Trump
42113	Trump
42115	Trump
42117	Trump
42119	Trump
42121	Trump
42123	Clinton
42125	Trump
42127	Trump
42129	Trump
42131	Trump
42133	Clinton
44000	
44001	Clinton
44003	Trump
44005	Clinton
44007	Clinton
44009	Trump
45000	
45001	Trump
45003	Trump
45005	Clinton
45007	Trump
45009	Clinton
45011	Trump
45013	Trump
45015	Trump
45017	Trump
45019	Clinton
45021	Trump
45023	Clinton
45025	Trump
45027	Clinton
45029	Trump
45031	Trump
45033	Clinton
45035	Trump
45037	Trump
45039	Clinton
45041	Trump
45043	Trump
45045	Trump
45047	Trump
45049	Clinton
45051	Trump
45053	Trump
45055	Trump
45057	Clinton
45059	Trump
45061	Trump
45063	Trump
45065	Trump
45067	Trump
45069	Clinton
45071	Trump
45073	Trump
45075	Clinton
45077	Trump
45079	Trump
45081	Trump
45083	Trump
45085	Clinton
45087	Trump
45089	Clinton
45091	Clinton
46000	
46003	Trump
46005	Trump
46007	Trump
46009	Trump
46011	Trump
46013	Trump
46015	Trump
46017	Trump
46019	Trump
46021	Trump
46023	Trump
46025	Trump
46027	Trump
46029	Trump
46031	Trump
46033	Trump
46035	Trump
46037	Trump
46039	Trump
46041	Trump
46043	Trump
46045	Trump
46047	Trump
46049	Trump
46051	Trump
46053	Trump
46055	Trump
46057	Trump
46059	Trump
46061	Trump
46063	Trump
46065	Trump
46067	Trump
46069	Trump
46071	Trump
46073	Trump
46075	Trump
46077	Trump
46079	Clinton
46081	Trump
46083	Trump
46085	Trump
46087	Trump
46089	Trump
46091	Trump
46093	Trump
46095	Trump
46097	Trump
46099	Trump
46101	Trump
46103	Trump
46105	Trump
46107	Trump
46109	Trump
46111	Trump
46113	Trump
46115	Trump
46117	Trump
46119	Trump
46121	Trump
46123	Trump
46125	Trump
46127	Trump
46129	Trump
46135	Trump
46137	Trump
47000	
47001	Trump
47003	Trump
47005	Trump
47007	Trump
47009	Trump
47011	Trump
47013	Trump
47015	Trump
47017	Trump
47019	Trump
47021	Trump
47023	Clinton
47025	Trump
47027	Trump
47029	Trump
47031	Trump
47033	Trump
47035	Trump
47037	Trump
47039	Trump
47041	Trump
47043	Trump
47045	Trump
47047	Trump
47049	Trump
47051	Trump
47053	Trump
47055	Trump
47057	Trump
47059	Clinton
47061	Trump
47063	Trump
47065	Trump
47067	Clinton
47069	Trump
47071	Trump
47073	Trump
47075	Trump
47077	Trump
47079	Trump
47081	Trump
47083	Trump
47085	Clinton
47087	Trump
47089	Clinton
47091	Trump
47093	Trump
47095	Clinton
47097	Trump
47099	Trump
47101	Trump
47103	Trump
47105	Trump
47107	Trump
47109	Trump
47111	Clinton
47113	Trump
47115	Trump
47117	Trump
47119	Trump
47121	Trump
47123	Trump
47125	Clinton
47127	Trump
47129	Trump
47131	Trump
47133	Trump
47135	Clinton
47137	Trump
47139	Trump
47141	Trump
47143	Trump
47145	Trump
47147	Trump
47149	Trump
47151	Trump
47153	Trump
47155	Trump
47157	Trump
47159	Trump
47161	Clinton
47163	Trump
47165	Trump
47167	Trump
47169	Trump
47171	Trump
47173	Trump
47175	Trump
47177	Clinton
47179	Trump
47181	Trump
47183	Trump
47185	Trump
47187	Trump
47189	Trump
48000	Trump
48001	Trump
48003	Trump
48005	Trump
48007	Trump
48009	Trump
48011	Trump
48013	Trump
48015	Trump
48017	Trump
48019	Trump
48021	Trump
48023	Trump
48025	Trump
48027	Trump
48029	Clinton
48031	Trump
48033	Trump
48035	Trump
48037	Trump
48039	Trump
48041	Trump
48043	Trump
48045	Trump
48047	Trump
48049	Trump
48051	Trump
48053	Trump
48055	Trump
48057	Trump
48059	Trump
48061	Trump
48063	Trump
48065	Trump
48067	Trump
48069	Trump
48071	Trump
48073	Trump
48075	Trump
48077	Trump
48079	Trump
48081	Trump
48083	Trump
48085	Trump
48087	Trump
48089	Trump
48091	Trump
48093	Trump
48095	Trump
48097	Trump
48099	Trump
48101	Trump
48103	Trump
48105	Trump
48107	Trump
48109	Clinton
48111	Trump
48113	Clinton
48115	Trump
48117	Trump
48119	Trump
48121	Clinton
48123	Trump
48125	Trump
48127	Clinton
48129	Trump
48131	Trump
48133	Trump
48135	Trump
48137	Trump
48139	Trump
48141	Trump
48143	Trump
48145	Trump
48147	Trump
48149	Trump
48151	Trump
48153	Trump
48155	Trump
48157	Clinton
48159	Trump
48161	Trump
48163	Clinton
48165	Trump
48167	Trump
48169	Trump
48171	Trump
48173	Trump
48175	Trump
48177	Trump
48179	Trump
48181	Trump
48183	Trump
48185	Trump
48187	Clinton
48189	Clinton
48191	Trump
48193	Trump
48195	Trump
48197	Trump
48199	Trump
48201	Trump
48203	Trump
48205	Trump
48207	Trump
48209	Trump
48211	Trump
48213	Trump
48215	Trump
48217	Trump
48219	Trump
48221	Trump
48223	Trump
48225	Trump
48227	Trump
48229	Trump
48231	Trump
48233	Trump
48235	Trump
48237	Trump
48239	Trump
48241	Trump
48243	Trump
48245	Clinton
48247	Clinton
48249	Clinton
48251	Trump
48253	Trump
48255	Trump
48257	Trump
48259	Trump
48261	Clinton
48263	Trump
48265	Trump
48267	Trump
48269	Trump
48271	Trump
48273	Clinton
48275	Trump
48277	Trump
48279	Trump
48281	Trump
48283	Trump
48285	Trump
48287	Trump
48289	Clinton
48291	Trump
48293	Trump
48295	Trump
48297	Trump
48299	Trump
48301	Trump
48303	Trump
48305	Trump
48307	Trump
48309	Trump
48311	Trump
48313	Trump
48315	Trump
48317	Trump
48319	Trump
48321	Trump
48323	Clinton
48325	Trump
48327	Trump
48329	Trump
48331	Trump
48333	Trump
48335	Trump
48337	Trump
48339	Clinton
48341	Trump
48343	Trump
48345	Trump
48347	Trump
48349	Trump
48351	Trump
48353	Trump
48355	Trump
48357	Trump
48359	Trump
48361	Clinton
48363	Trump
48365	Trump
48367	Trump
48369	Trump
48371	Trump
48373	Trump
48375	Trump
48377	Clinton
48379	Trump
48381	Trump
48383	Trump
48385	Trump
48387	Trump
48389	Clinton
48391	Trump
48393	Trump
48395	Trump
48397	Trump
48399	Trump
48401	Trump
48403	Trump
48405	Trump
48407	Trump
48409	Trump
48411	Trump
48413	Trump
48415	Trump
48417	Trump
48419	Trump
48421	Trump
48423	Trump
48425	Trump
48427	Clinton
48429	Trump
48431	Trump
48433	Trump
48435	Trump
48437	Trump
48439	Trump
48441	Trump
48443	Clinton
48445	Trump
48447	Trump
48449	Trump
48451	Trump
48453	Clinton
48455	Trump
48457	Trump
48459	Trump
48461	Trump
48463	Trump
48465	Clinton
48467	Trump
48469	Trump
48471	Trump
48473	Trump
48475	Trump
48477	Trump
48479	Clinton
48481	Trump
48483	Trump
48485	Trump
48487	Trump
48489	Clinton
48491	Trump
48493	Trump
48495	Trump
48497	Trump
48499	Trump
48501	Trump
48503	Trump
48505	Clinton
48507	Clinton
49000	Trump
49001	Trump
49003	Clinton
49005	Trump
49007	Trump
49009	Clinton
49011	Trump
49013	Trump
49015	Clinton
49017	Trump
49019	Trump
49021	Trump
49023	Clinton
49025	Clinton
49027	Clinton
49029	Trump
49031	Clinton
49033	Trump
49035	Clinton
49037	Clinton
49039	Trump
49041	Trump
49043	Clinton
49045	Clinton
49047	Trump
49049	Trump
49051	Trump
49053	Trump
49055	Trump
49057	Clinton
50000	
50001	Clinton
50003	Clinton
50005	Clinton
50007	Clinton
50009	Clinton
50011	Trump
50013	Clinton
50015	Clinton
50017	Clinton
50019	Clinton
50021	Clinton
50023	Trump
50025	Trump
50027	Clinton
51000	
51001	Trump
51003	Clinton
51005	Trump
51007	Trump
51009	Trump
51011	Trump
51013	Clinton
51015	Trump
51017	Trump
51019	Trump
51021	Trump
51023	Trump
51025	Trump
51027	Trump
51029	Trump
51031	Trump
51033	Trump
51035	Trump
51036	Clinton
51037	Trump
51041	Trump
51043	Trump
51045	Trump
51047	Trump
51049	Trump
51051	Trump
51053	Trump
51057	Clinton
51059	Clinton
51061	Trump
51063	Trump
51065	Trump
51067	Trump
51069	Trump
51071	Trump
51073	Trump
51075	Trump
51077	Trump
51079	Clinton
51081	Clinton
51083	Clinton
51085	Trump
51087	Clinton
51089	Trump
51091	Trump
51093	Trump
51095	Trump
51097	Trump
51099	Trump
51101	Trump
51103	Clinton
51105	Trump
51107	Clinton
51109	Trump
51111	Trump
51113	Trump
51115	Trump
51117	Clinton
51119	Clinton
51121	Clinton
51125	Trump
51127	Trump
51131	Clinton
51133	Trump
51135	Trump
51137	Clinton
51139	Trump
51141	Trump
51143	Trump
51145	Trump
51147	Clinton
51149	Trump
51153	Clinton
51155	Clinton
51157	Trump
51159	Clinton
51161	Clinton
51163	Trump
51165	Trump
51167	Clinton
51169	Trump
51171	Trump
51173	Trump
51175	Trump
51177	Trump
51179	Trump
51181	Trump
51183	Trump
51185	Trump
51187	Clinton
51191	Trump
51193	Trump
51195	Trump
51197	Trump
51199	Clinton
51510	Clinton
51515	Trump
51520	Clinton
51530	Trump
51540	Clinton
51550	Trump
51560	
51570	Trump
51580	Trump
51590	Clinton
51595	Clinton
51600	Clinton
51610	Clinton
51620	Trump
51630	Clinton
51640	Trump
51650	Clinton
51660	Clinton
51670	Clinton
51678	Trump
51680	Trump
51683	Clinton
51685	Clinton
51690	Clinton
51700	Clinton
51710	Clinton
51720	Trump
51730	Clinton
51735	Trump
51740	Clinton
51750	Clinton
51760	Clinton
51770	Clinton
51775	Trump
51780	
51790	Clinton
51800	Clinton
51810	Trump
51820	Trump
51830	Clinton
51840	Clinton
53000	Trump
53001	Clinton
53003	Clinton
53005	Trump
53007	Clinton
53009	Clinton
53011	Trump
53013	Trump
53015	Clinton
53017	Trump
53019	Trump
53021	Trump
53023	Trump
53025	Trump
53027	Trump
53029	Clinton
53031	Clinton
53033	Trump
53035	Clinton
53037	Clinton
53039	Clinton
53041	Trump
53043	Trump
53045	Trump
53047	Clinton
53049	Clinton
53051	Trump
53053	Trump
53055	Clinton
53057	Clinton
53059	Trump
53061	Clinton
53063	Clinton
53065	Trump
53067	Trump
53069	Trump
53071	Trump
53073	Clinton
53075	Clinton
53077	Clinton
54000	
54001	Trump
54003	Trump
54005	Trump
54007	Trump
54009	Trump
54011	Trump
54013	Trump
54015	Trump
54017	Trump
54019	Trump
54021	Trump
54023	Trump
54025	Trump
54027	Clinton
54029	Clinton
54031	Trump
54033	Trump
54035	Trump
54037	Clinton
54039	Trump
54041	Trump
54043	Trump
54045	Trump
54047	Trump
54049	Trump
54051	Trump
54053	Trump
54055	Trump
54057	Trump
54059	Trump
54061	Trump
54063	Trump
54065	Trump
54067	Trump
54069	Trump
54071	Trump
54073	Trump
54075	Trump
54077	Trump
54079	Trump
54081	Trump
54083	Trump
54085	Trump
54087	Trump
54089	Trump
54091	Trump
54093	Trump
54095	Trump
54097	Trump
54099	Trump
54101	Trump
54103	Trump
54105	Trump
54107	Trump
54109	Trump
55000	
55001	Clinton
55003	Trump
55005	Trump
55007	Clinton
55009	Trump
55011	Trump
55013	Trump
55015	Trump
55017	Trump
55019	Trump
55021	Trump
55023	Trump
55025	Clinton
55027	Trump
55029	Trump
55031	Trump
55033	Trump
55035	Clinton
55037	Trump
55039	Trump
55041	Trump
55043	Trump
55045	Trump
55047	Trump
55049	Trump
55051	Trump
55053	Trump
55055	Clinton
55057	Trump
55059	Trump
55061	Trump
55063	Clinton
55065	Trump
55067	Trump
55069	Trump
55071	Trump
55073	Trump
55075	Trump
55077	Clinton
55078	Trump
55079	Clinton
55081	Trump
55083	Trump
55085	Trump
55087	Trump
55089	Trump
55091	Trump
55093	Trump
55095	Trump
55097	Trump
55099	Trump
55101	Trump
55103	Trump
55105	Trump
55107	Trump
55109	Trump
55111	Clinton
55113	Trump
55115	Trump
55117	Trump
55119	Trump
55121	Trump
55123	Trump
55125	Trump
55127	Trump
55129	Trump
55131	Trump
55133	Trump
55135	Trump
55137	Trump
55139	Trump
55141	Trump
56000	Trump
56001	Clinton
56003	Clinton
56005	Trump
56007	Trump
56009	Trump
56011	Trump
56013	Trump
56015	Trump
56017	Trump
56019	Trump
56021	Trump
56023	Trump
56025	Trump
56027	Trump
56029	Trump
56031	Trump
56033	Trump
56035	Trump
56037	Trump
56039	Trump
56041	Trump
56043	Trump
56045	Trump
60000	
60010	
60020	
60030	Clinton
60040	Clinton
60050	
64000	
64002	
64005	
64040	
64060	
66000	Clinton
66010	Clinton
68000	
68007	
68010	
68030	
68040	
68050	
68060	
68070	
68073	
68080	
68090	
68100	
68110	
68120	
68130	
68140	
68150	
68160	
68170	
68180	
68190	
68300	
68310	
68320	
68330	
68340	
68350	
68360	
68385	
68390	
68400	
68410	
68420	
68430	
69000	
69085	
69100	
69110	
69120	
70000	
70002	
70004	
70212	
70214	
70227	
70228	
72000	
72001	
72003	
72005	
72007	
72009	
72011	
72013	
72015	
72017	
72019	
72021	
72023	
72025	
72027	
72029	
72031	
72033	
72035	
72037	
72041	
72043	
72045	
72047	
72049	
72051	
72053	
72054	
72055	
72057	
72059	
72061	
72063	
72065	
72067	
72069	
72071	
72073	
72075	
72077	
72079	
72081	
72083	
72085	
72087	
72089	
72091	
72093	
72097	
72099	
72101	
72103	
72105	
72107	
72109	
72111	
72113	
72115	
72117	
72119	Trump
72121	
72123	
72125	
72127	Clinton
72129	
72131	
72133	
72135	
72137	
72139	
72141	
72143	
72145	
72147	
72149	
72151	
72153	
74000	
74050	
74100	
74150	
74200	
74250	
74300	Clinton
74350	
74400	
74450	
78000	
78010	
78010	Trump
78020	
78030	
78050	
78100	
78150	
78218	
78222	
78224	
78226	
78350	
78370	